userCredential_id,user_id,hashedpwd,createdatetime,
1,1,12d645aba4188c2ca4467e723aa5f80fbf74dd2d4d1acafdb888a06ea152d400,2021-02-21 10:00:00,
2,2,37511f033628d86b4b916eeac92be7c519c7a2a0b69a9c275b8ac12df51c7170,2021/01/01 12:00:05,
3,3,b42173ac3c0c84579930b00fb5840673909e7cbb52835dd0eda3867ec78b0c1a,2021/12/11 23:20:00,
4,4,90dd9f1505cc9b5e7afe85fff9e8c0e1479982f47ded59713a351e56b04d8ebe,2021/07/14 14:40:20,
5,5,9fd17045e745b326a17b46bc898d1e31584b3fe151bfca775d05b955f66a4020,2021/10/11 12:20:07,
6,6,9b0ad459fd6229d16b62486fa4aadb93279b3a5078ec560dafb2ff2dacdd3ca2,2021/12/05 02:00:00,
7,7,385caacde6430ee92f88112fde9c7ab56057a489190cee002fb55d3f5e3958f4,2020/07/07 12:45:37,
8,8,ac30c90356c59a3ad72d6fab45ddc2d5f81c5cdd194b7a66e938ca72c4cef85b,2020/08/08 22:45:30,
9,9,ca3a5ef52e43abcb268591f9208f205cbc1a8d4c8009a9476a593d7fdfd546d3,2020/01/21 11:15:31,
10,10,1ac24680a1f8570fdf6979860e7b02bbb424d970b9b1d6500090a179653b7b95,2020/03/26 08:10:12,
11,11,6e29fad15e907474280d063c1f19f1c4a1309296ad05485cccc6f0a462fc254c,2019/04/16 07:40:42,
12,12,42ced92cee6c90bd603d316ef11f9b4af4e3037821019996978b6df8e4ad4788,2019/10/26 05:05:05,
13,13,215888d61256561f9bf24bdf9eab1e92166ba1e05442c3b4b0b2790dc25a9834,2019/09/21 08:41:12,
14,14,f7b3e132fbbbcfc87d2cb65e0552af74d7c7df55ed828e5c700a60491dbc27e4,2019/09/23 12:20:02,
15,15,6ca89a4472c0a426e37dfef1bc25aed829c4dac0f38c74b09a0fa47a233d60dd,2019/04/10 03:25:06,
