user_id,account,salt,name,address,phone,loc_x,loc_y,createdatetime,,,,,,
1,test001,63652315D22919A8EC76F58F982EC08A6244474F8082B8E75A1271B3C63948E9,Jacob Walker,320桃園市中壢區民權路170號,0937882465,94,95,2021/02/21 10:00:00,,,,,,
2,test002,AA52032EAB8CC92F7B77CCE828940F95C2369F18DDF1C6B3A80A8A6195D137FB,Rick Caulfield,320桃園市中壢區民生北路112號,0945804302,8,20,2021/01/01 12:00:05,,,,,,
3,test003,3C567E0EA40F26755BB221C96AB02CC726DE673E85016EC1D949D14E5B16B223,Bryce Landrum,320桃園市中壢區五興路121號,0902923003,65,69,2021/12/11 23:20:00,,,,,,
4,test004,95B79B147E492681F98C749E3AC329C1A975D3F4000FF25D0643D8D55A4E4E2B,Alex Barlow,320桃園市中壢區民生北路185號,0942930878,100,6,2021/07/14 14:40:20,,,,,,
5,test005,EB7F11AE33003238D3FF14094E3BC569F077B8F39DF472423FD339CE22B5F050,Alvin Anderson,320桃園市中壢區民權路520號,0909563906,7,22,2021/10/11 12:20:07,,,,,,
6,test006,5F79D14FB8A43CA9350E781EA1067B14B197D36671182C4C15E9EDBD921791DD,Willy Bieber,320桃園市中壢區中大路107號,0901033637,49,87,2021/12/05 02:00:00,,,,,,
7,test007,9C681B6D73E80D3C1F10E06BDEB48914ABE207ADA83405DC14485B6AD060C021,Johannes Harris,320桃園市中壢區民權路30號,0984466058,2,24,2020/07/07 12:45:37,,,,,,
8,test008,6C40F0CC5D46DCE7D1A0E1D118E0750A7874087FC7199DDA34D171131002DCA9,Phil Taft,320桃園市中壢區中山路474號,0973214446,55,1,2020/08/08 22:45:30,,,,,,
9,test009,039FB5567A6B559BE9999BF854BEF1699A14CB912AF431CCF90D9941900D8788,Reggie Scott,320桃園市中壢區民生北路42號,0900697437,33,74,2020/01/21 11:15:31,,,,,,
10,test010,ABC1523C0333408EFF2B8CCF4248A0B2175723EBC65C8D05940B9D434B7A39A2,Aidan Hall,320桃園市中壢區中大路820號,0907146500,37,14,2020/03/26 08:10:12,,,,,,
11,test011,015E6E1B59C1095D5484D37EADAD30A1BA1B23E96125ECD3A4FAA7E97B57AE6A,Annie Abbadie,320桃園市中壢區民權路72號,0977679834,91,47,2019/04/16 07:40:42,,,,,,
12,test012,FC683C2A54777A59A747A304E48AF48F1CC3B5028690001D5E6FF51CF4F3CABB,Nerissa Brown,320桃園市中壢區五興路847號,0973337533,18,82,2019/10/26 05:05:05,,,,,,
13,test013,B6A36D21C9A08C26DE91B3D8C9A55B29F196AEF84FF5EA6598D66DBCB37A7F9E,Anna Stenson,320桃園市中壢區民生南路31號,0904713945,64,66,2019/09/21 08:41:12,,,,,,
14,test014,BCF3A35C006CEDC0C1B9FE21E8F22528A8D09CB36A4F19B1B6A9B4713D8D22B,Sigrid Merrick,320桃園市中壢區中正路322號,0998049104,19,91,2019/09/23 12:20:02,,,,,,
15,test015,D2E8F9D3BC6FDDA90B838DB2A33C749F20DD43CE899752B7FA194F01C637D90E,Alexis Bagshawe,320桃園市中壢區中大路365號,0983234004,70,75,2019/04/10 03:25:06,,,,,,
,,,,,,,,,,,,,,
,,,,,,,,,,,,,,
,,,,,,,,,,,,,,
,,,,,,,,,,,,,,
,,,,,,,,,,,,,,
,,,,,,,,,,,,,,
,,,,,,,,,,,,,,
